tank,body mass ,Total Length,SVL,Head Width,Mid Width,Tail Width,Tail Height,clutch,rack,ba,cond,impact,ud,switched,alternate
3,0.63,1.897,1.054,0.311,0.243,,0.264,c,a,before,low,c,c,y,beforelow
3,0.61,1.724,1.072,0.3,0.232,0.167,0.271,c,a,before,low,c,c,y,beforelow
3,0.62,1.773,1.089,0.311,0.2,0.132,0.262,c,a,before,low,c,c,y,beforelow
3,0.61,1.841,1.004,0.293,0.265,0.158,0.281,c,a,before,low,c,c,y,beforelow
3,0.64,1.742,1.025,0.297,0.211,0.132,0.261,c,a,before,low,c,c,y,beforelow
3,0.63,1.85,1.079,0.188,0.245,0.155,0.269,c,a,before,low,c,c,y,beforelow
3,0.63,1.84,1.015,0.312,0.207,0.197,0.284,c,a,before,low,c,c,y,beforelow
3,0.61,1.758,1.036,0.269,0.208,0.186,0.231,c,a,before,low,c,c,y,beforelow
3,0.6,1.958,1.043,0.311,0.232,0.178,0.272,c,a,before,low,c,c,y,beforelow
3,0.45,1.744,0.992,0.261,0.176,0.12,0.217,c,a,after,high,i,up,y,afterhigh
3,0.5,1.685,0.987,0.272,0.188,0.147,0.238,c,a,after,high,i,up,y,afterhigh
3,0.43,1.714,1.048,0.267,0.181,0.148,0.196,c,a,after,high,i,up,y,afterhigh
3,0.41,1.549,0.943,0.225,0.189,0.155,0.138,c,a,after,high,i,up,y,afterhigh
3,0.51,1.845,1.053,0.26,0.173,0.136,0.201,c,a,after,high,i,up,y,afterhigh
3,0.57,1.599,1.016,0.269,0.188,0.148,0.24,c,a,after,high,i,up,y,afterhigh
3,0.54,1.698,0.975,0.254,0.177,0.116,0.167,c,a,after,high,i,up,y,afterhigh
3,0.56,1.854,1.02,0.274,0.197,0.129,0.242,c,a,after,high,i,up,y,afterhigh
3,0.53,1.783,1.038,0.287,0.199,0.128,0.194,c,a,after,high,i,up,y,afterhigh
4,0.48,1.586,0.942,0.262,0.191,0.112,0.181,d,a,after,low,i,down,y,afterlow
4,0.52,1.758,1.037,0.266,0.215,0.134,0.161,d,a,after,low,i,down,y,afterlow
4,0.44,1.695,1.02,0.284,0.182,0.114,0.219,d,a,after,low,i,down,y,afterlow
4,0.54,1.735,1.057,0.29,0.179,0.118,0.214,d,a,after,low,i,down,y,afterlow
4,0.57,1.724,1.095,0.276,0.199,0.122,0.245,d,a,after,low,i,down,y,afterlow
4,0.43,1.584,1.035,0.28,0.179,0.129,0.208,d,a,after,low,i,down,y,afterlow
4,0.5,1.802,1.018,0.28,0.226,0.168,0.202,d,a,after,low,i,down,y,afterlow
5,0.44,1.65,0.901,0.261,0.151,0.102,0.206,b,a,after,high,i,up,y,afterhigh
5,0.38,1.579,0.893,0.226,0.153,,0.218,b,a,after,high,i,up,y,afterhigh
5,0.46,1.749,1.002,0.282,0.198,0.153,0.231,b,a,after,high,i,up,y,afterhigh
5,0.46,1.679,1.089,0.272,0.18,0.13,0.232,b,a,after,high,i,up,y,afterhigh
5,0.43,1.821,0.991,0.319,0.193,0.163,0.155,b,a,after,high,i,up,y,afterhigh
8,0.4,1.787,1.031,0.255,0.17,0.108,0.201,c,a,before,high,c,c,n,beforehigh
8,0.45,1.81,1.052,0.262,0.2,0.138,0.238,c,a,before,high,c,c,n,beforehigh
8,0.42,1.789,1.088,0.25,0.152,0.115,0.215,c,a,before,high,c,c,n,beforehigh
8,0.46,1.764,1.046,0.243,0.166,0.107,0.216,c,a,before,high,c,c,n,beforehigh
8,0.45,1.744,1.033,0.242,0.165,0.112,0.223,c,a,before,high,c,c,n,beforehigh
8,0.47,1.834,1.076,0.27,0.166,0.104,0.184,c,a,before,high,c,c,n,beforehigh
8,0.42,1.669,0.983,0.252,0.164,0.112,0.218,c,a,before,high,c,c,n,beforehigh
8,0.5,1.712,0.998,0.231,0.169,0.121,0.234,c,a,before,high,c,c,n,beforehigh
8,0.4,1.636,0.956,0.236,0.162,0.122,0.205,c,a,before,high,c,c,n,beforehigh
8,0.45,1.562,0.953,0.242,0.167,0.143,0.274,c,a,after,high,c,c,n,afterhigh
8,0.39,1.728,1.121,0.259,0.15,0.117,0.203,c,a,after,high,c,c,n,afterhigh
8,0.46,1.759,1.026,0.27,0.212,0.167,0.208,c,a,after,high,c,c,n,afterhigh
8,0.46,1.633,0.933,0.265,0.174,0.138,0.193,c,a,after,high,c,c,n,afterhigh
8,0.56,1.622,1.016,0.263,0.203,0.127,0.216,c,a,after,high,c,c,n,afterhigh
8,0.41,1.711,1.004,0.28,0.174,0.124,0.234,c,a,after,high,c,c,n,afterhigh
8,0.45,1.609,0.918,0.246,0.198,0.115,0.217,c,a,after,high,c,c,n,afterhigh
8,0.48,1.695,0.984,0.257,0.182,0.138,0.199,c,a,after,high,c,c,n,afterhigh
12,0.52,1.619,0.921,0.25,0.199,0.137,0.213,b,b,after,high,i,up,y,afterhigh
12,0.66,1.722,0.901,0.278,0.219,0.155,0.241,b,b,after,high,i,up,y,afterhigh
12,0.38,1.666,0.978,0.273,0.164,0.122,0.226,b,b,after,high,i,up,y,afterhigh
12,0.52,1.558,0.905,0.291,0.209,0.124,0.246,b,b,after,high,i,up,y,afterhigh
12,0.48,1.645,0.984,0.255,0.212,0.157,0.228,b,b,after,high,i,up,y,afterhigh
12,0.52,1.632,0.974,0.276,0.192,0.127,0.235,b,b,after,high,i,up,y,afterhigh
13,0.53,1.691,0.992,0.254,0.2,0.12,0.262,c,b,before,high,c,c,y,beforehigh
13,0.53,1.737,0.946,0.268,0.193,0.107,0.239,c,b,before,high,c,c,y,beforehigh
13,0.52,1.761,1.007,0.275,0.208,0.106,0.237,c,b,before,high,c,c,y,beforehigh
13,0.53,1.753,1.015,0.269,0.187,0.113,0.275,c,b,before,high,c,c,y,beforehigh
13,0.59,1.869,1.096,0.283,0.216,0.132,0.279,c,b,before,high,c,c,y,beforehigh
13,0.54,1.84,1.049,0.278,0.19,0.124,0.25,c,b,before,high,c,c,y,beforehigh
13,0.52,1.686,0.948,0.246,0.187,0.111,0.214,c,b,before,high,c,c,y,beforehigh
13,0.58,1.638,0.959,0.249,0.185,0.124,0.267,c,b,before,high,c,c,y,beforehigh
13,0.56,1.686,0.973,0.276,0.193,0.129,0.258,c,b,before,high,c,c,y,beforehigh
13,0.54,1.839,1.054,0.267,0.209,0.146,0.222,c,b,after,low,i,down,y,afterlow
13,0.59,1.724,0.943,0.27,0.212,0.135,0.222,c,b,after,low,i,down,y,afterlow
13,0.5,1.763,1.045,0.281,0.189,0.103,0.235,c,b,after,low,i,down,y,afterlow
13,0.58,1.625,1.001,0.275,0.195,0.125,0.231,c,b,after,low,i,down,y,afterlow
13,0.53,1.792,0.985,0.28,0.205,0.128,0.217,c,b,after,low,i,down,y,afterlow
13,0.56,1.776,1.049,0.293,0.201,0.134,0.23,c,b,after,low,i,down,y,afterlow
13,0.48,1.817,1.039,0.296,0.198,0.121,0.223,c,b,after,low,i,down,y,afterlow
13,0.54,1.748,0.99,0.266,0.189,0.131,0.231,c,b,after,low,i,down,y,afterlow
13,0.57,1.838,1.095,0.308,0.198,0.132,0.24,c,b,after,low,i,down,y,afterlow
14,0.67,1.77,1.002,0.29,0.215,0.135,0.246,d,b,before,low,c,c,n,beforelow
14,0.73,1.929,1.087,0.303,0.243,0.154,0.317,d,b,before,low,c,c,n,beforelow
14,0.69,1.839,1.057,0.308,0.241,0.112,0.253,d,b,before,low,c,c,n,beforelow
14,0.56,1.791,1.134,0.292,0.192,,0.232,d,b,before,low,c,c,n,beforelow
14,0.56,1.679,0.949,0.291,0.207,0.146,0.276,d,b,before,low,c,c,n,beforelow
14,0.67,1.862,1.135,0.299,0.209,0.137,0.286,d,b,before,low,c,c,n,beforelow
14,0.65,1.745,1.094,0.3,0.232,0.112,0.293,d,b,before,low,c,c,n,beforelow
14,0.67,1.948,1.091,0.28,0.226,0.14,0.293,d,b,before,low,c,c,n,beforelow
14,0.7,1.863,1.059,0.307,0.225,0.137,0.304,d,b,before,low,c,c,n,beforelow
14,0.49,1.777,1.021,0.292,0.193,0.118,0.236,d,b,after,low,c,c,n,afterlow
14,0.58,1.915,1.078,0.266,0.217,0.135,0.277,d,b,after,low,c,c,n,afterlow
14,0.61,1.948,1.057,0.291,0.227,0.143,0.169,d,b,after,low,c,c,n,afterlow
14,0.69,1.818,1.006,0.285,0.206,0.136,0.236,d,b,after,low,c,c,n,afterlow
14,0.73,1.976,1.15,0.296,0.233,0.138,0.269,d,b,after,low,c,c,n,afterlow
14,0.63,1.89,1.161,0.294,0.185,0.125,0.264,d,b,after,low,c,c,n,afterlow
14,0.73,1.852,1.084,0.297,0.207,0.128,0.22,d,b,after,low,c,c,n,afterlow
14,0.58,1.689,0.995,0.268,0.181,0.116,0.205,d,b,after,low,c,c,n,afterlow
15,0.36,1.593,0.881,0.23,0.158,0.101,0.197,b,b,after,high,c,c,n,afterhigh
15,0.38,1.52,0.862,0.247,0.169,0.111,0.218,b,b,after,high,c,c,n,afterhigh
15,0.42,1.712,0.932,0.257,0.173,0.114,0.17,b,b,after,high,c,c,n,afterhigh
16,0.6,1.881,0.964,0.287,0.228,0.125,0.257,a,b,before,low,c,c,n,beforelow
16,0.65,1.663,0.938,0.292,0.222,0.125,0.265,a,b,before,low,c,c,n,beforelow
16,0.68,1.719,1.102,0.281,0.212,0.129,0.278,a,b,before,low,c,c,n,beforelow
16,0.74,1.937,1.145,0.324,0.24,0.135,0.282,a,b,before,low,c,c,n,beforelow
16,0.65,1.9,1.01,0.3,0.215,0.121,0.297,a,b,before,low,c,c,n,beforelow
16,0.63,1.888,1.07,0.299,0.23,0.117,0.266,a,b,before,low,c,c,n,beforelow
16,0.58,1.728,0.93,0.299,0.208,0.125,0.281,a,b,before,low,c,c,n,beforelow
16,0.67,1.834,0.997,0.3,0.226,0.138,0.291,a,b,before,low,c,c,n,beforelow
16,0.71,1.825,1.023,0.309,0.211,0.139,0.252,a,b,after,low,c,c,n,afterlow
16,0.51,1.708,0.993,0.266,0.171,0.123,0.203,a,b,after,low,c,c,n,afterlow
16,0.97,2.059,1.144,0.302,0.247,0.155,0.246,a,b,after,low,c,c,n,afterlow
16,0.62,1.89,1.077,0.344,0.22,0.13,0.236,a,b,after,low,c,c,n,afterlow
16,0.6,1.826,1.078,0.307,0.234,0.152,0.297,a,b,after,low,c,c,n,afterlow
16,0.79,1.964,1.111,0.313,0.244,0.156,0.222,a,b,after,low,c,c,n,afterlow
16,0.65,1.937,1.089,0.3,0.226,0.203,0.294,a,b,after,low,c,c,n,afterlow
16,0.65,1.903,1.111,0.306,0.238,0.166,0.28,a,b,after,low,c,c,n,afterlow
17,0.52,1.706,0.887,0.274,0.225,0.162,0.232,b,b,before,high,c,c,y,beforehigh
17,0.4,1.589,0.834,0.265,0.167,0.108,0.205,b,b,before,high,c,c,y,beforehigh
17,0.58,1.649,0.968,0.268,0.212,0.098,0.241,b,b,before,high,c,c,y,beforehigh
17,0.47,1.723,0.964,0.275,0.187,0.093,0.252,b,b,before,high,c,c,y,beforehigh
17,0.43,1.68,0.903,0.278,0.183,0.111,0.241,b,b,before,high,c,c,y,beforehigh
17,0.43,1.52,0.901,0.243,0.158,0.117,0.232,b,b,before,high,c,c,y,beforehigh
17,0.43,1.443,0.845,0.213,0.144,0.088,0.211,b,b,before,high,c,c,y,beforehigh
17,0.37,1.643,0.93,0.277,0.186,0.146,0.189,b,b,after,low,i,down,y,afterlow
17,0.46,1.757,1.017,0.257,0.24,0.119,0.213,b,b,after,low,i,down,y,afterlow
17,0.51,1.744,0.986,0.26,0.197,0.153,0.229,b,b,after,low,i,down,y,afterlow
17,0.42,1.583,0.924,0.271,0.176,0.127,0.22,b,b,after,low,i,down,y,afterlow
19,0.38,1.586,0.925,0.26,0.155,0.118,0.244,d,b,before,high,c,c,n,beforehigh
19,0.44,1.615,0.979,0.24,0.166,0.121,0.219,d,b,before,high,c,c,n,beforehigh
19,0.37,1.555,0.944,0.243,0.153,0.107,0.224,d,b,before,high,c,c,n,beforehigh
19,0.39,1.585,0.94,0.243,0.155,0.117,0.214,d,b,before,high,c,c,n,beforehigh
19,0.45,1.536,0.9,0.258,0.166,0.103,0.219,d,b,before,high,c,c,n,beforehigh
19,0.5,1.748,,0.257,0.191,0.108,0.262,d,b,before,high,c,c,n,beforehigh
19,0.45,1.508,0.938,0.243,0.207,0.179,0.214,d,b,after,high,c,c,n,afterhigh
19,0.34,1.621,0.914,0.28,0.195,0.149,0.211,d,b,after,high,c,c,n,afterhigh
19,0.44,2.054,1.204,0.37,0.273,0.14,0.25,d,b,after,high,c,c,n,afterhigh
19,0.54,1.714,1.02,0.296,0.167,0.102,0.303,d,b,after,high,c,c,n,afterhigh
20,0.61,1.872,1.026,0.323,0.237,0.176,0.256,e,b,before,low,c,c,n,beforelow
20,0.53,1.687,0.928,0.276,0.193,0.13,0.256,e,b,before,low,c,c,n,beforelow
20,0.62,1.786,1.023,0.272,0.192,0.129,0.296,e,b,before,low,c,c,n,beforelow
20,0.63,1.806,1.038,0.298,0.224,0.165,0.261,e,b,before,low,c,c,n,beforelow
20,0.62,1.711,1.06,0.29,0.2,0.135,0.288,e,b,before,low,c,c,n,beforelow
20,0.63,1.762,1,0.254,0.194,0.132,0.28,e,b,before,low,c,c,n,beforelow
20,0.58,1.713,1.025,0.292,0.203,0.138,0.289,e,b,before,low,c,c,n,beforelow
20,0.62,2.015,1.144,0.292,0.216,0.108,0.256,e,b,after,low,c,c,n,afterlow
20,0.51,2.107,1.152,0.326,0.222,0.128,0.201,e,b,after,low,c,c,n,afterlow
20,0.41,1.888,1.18,0.259,0.175,0.103,0.194,e,b,after,low,c,c,n,afterlow
20,0.46,1.71,0.988,0.261,0.164,0.113,0.168,e,b,after,low,c,c,n,afterlow
20,0.58,1.735,1.056,0.283,0.193,0.11,0.217,e,b,after,low,c,c,n,afterlow
20,0.46,1.942,1.056,0.26,0.16,0.095,0.235,e,b,after,low,c,c,n,afterlow
20,0.53,1.884,1.109,0.29,0.19,0.165,0.244,e,b,after,low,c,c,n,afterlow
21,0.64,1.688,1.022,0.246,0.209,0.117,0.209,d,b,after,high,c,c,n,afterhigh
21,0.57,2.024,1.221,0.284,0.248,0.119,0.187,d,b,after,high,c,c,n,afterhigh