tank,switched,1st.0.5,2nd.0.5,3rd.0.5,avg.05,speed.5,1st.1,2nd.1,3rd.1,speed.1,diff,first.dist,bursts,clutch,rack,ba,cond,impact,ud,alternate
3,y,3.556,2.56,2.54,2.885333333,5.770666667,6.35,6.35,4.572,5.757333333,-0.013333333,8.636,7,c,a,before,low,c,c,beforelow
3,y,2.54,6.76,2.794,4.031333333,8.062666667,3.81,14.224,15.748,11.26066667,3.198,13.716,3,c,a,before,low,c,c,beforelow
3,y,3.048,2.25,7.112,4.136666667,8.273333333,8.128,7.112,15.748,10.32933333,2.056,16.002,6,c,a,before,low,c,c,beforelow
3,y,7.112,2.89,5.334,5.112,10.224,11.43,8.89,7.874,9.398,-0.826,21.082,3,c,a,before,low,c,c,beforelow
3,y,14.224,7.84,5.588,9.217333333,18.43466667,14.224,11.43,6.35,10.668,-7.766666667,14.224,3,c,a,before,low,c,c,beforelow
3,y,1.778,1.44,2.286,1.834666667,3.669333333,3.302,7.62,3.81,4.910666667,1.241333333,3.81,4,c,a,before,low,c,c,beforelow
3,y,9.906,21.16,7.112,12.726,25.452,18.288,14.478,15.494,16.08666667,-9.365333333,28.575,4,c,a,before,low,c,c,beforelow
3,y,5.334,1.69,8.636,5.22,10.44,11.684,8.89,15.494,12.02266667,1.582666667,13.462,3,c,a,before,low,c,c,beforelow
3,y,4.826,8.41,3.048,5.428,10.856,9.398,14.0208,7.874,10.43093333,-0.425066667,6.35,3,c,a,before,low,c,c,beforelow
3,y,8.89,0.49,5.08,4.82,9.64,18.288,4.064,13.716,12.02266667,2.382666667,49.784,6,c,a,after,high,i,up,afterhigh
3,y,6.858,2.56,7.62,5.679333333,11.35866667,13.716,8.636,9.906,10.75266667,-0.606,56.388,3,c,a,after,high,i,up,afterhigh
3,y,7.366,7.29,,7.328,14.656,15.24,,,15.24,0.584,103.632,2,c,a,after,high,i,up,afterhigh
3,y,5.842,0.49,7.62,4.650666667,9.301333333,12.446,4.572,14.986,10.668,1.366666667,22.352,5,c,a,after,high,i,up,afterhigh
3,y,6.604,6.76,7.366,6.91,13.82,13.208,14.478,16.256,14.64733333,0.827333333,30.734,3,c,a,after,high,i,up,afterhigh
3,y,2.032,0.36,1.524,1.305333333,2.610666667,5.08,3.556,6.35,4.995333333,2.384666667,52.324,4,c,a,after,high,i,up,afterhigh
3,y,7.112,10.89,,9.001,18.002,13.97,16.51,,15.24,-2.762,40.894,2,c,a,after,high,i,up,afterhigh
3,y,5.334,,,5.334,10.668,10.922,,,10.922,0.254,102.87,1,c,a,after,high,i,up,afterhigh
4,y,9.398,1.44,,5.419,10.838,18.288,6.35,,12.319,1.481,84.836,3,d,a,after,low,i,down,afterlow
4,y,0.254,1.44,0.254,0.649333333,1.298666667,2.54,5.08,2.54,3.386666667,2.088,9.652,6,d,a,after,low,i,down,afterlow
4,y,2.54,1.69,,2.115,4.23,9.398,5.842,,7.62,3.39,26.416,2,d,a,after,low,i,down,afterlow
5,y,6.604,,,6.604,13.208,13.716,,,13.716,0.508,99.06,1,b,a,after,high,i,up,afterlow
5,y,8.382,0.81,3.81,4.334,8.668,15.748,6.35,9.652,10.58333333,1.915333333,63.246,4,b,a,after,high,i,up,afterlow
5,y,2.54,,,2.54,5.08,9.398,,,9.398,4.318,108.712,1,b,a,after,high,i,up,afterlow
5,y,3.048,1.96,4.826,3.278,6.556,7.62,8.128,8.89,8.212666667,1.656666667,20.828,4,b,a,after,high,i,up,afterlow
5,y,1.016,1.96,1.016,1.330666667,2.661333333,3.81,6.096,4.318,4.741333333,2.08,55.372,5,b,a,after,high,i,up,afterlow
8,n,6.35,4.84,,5.595,11.19,13.97,10.16,,12.065,0.875,28.448,2,c,a,before,high,c,c,beforehigh
8,n,9.652,2.89,5.842,6.128,12.256,16.256,10.922,14.732,13.97,1.714,20.828,4,c,a,before,high,c,c,beforehigh
8,n,3.81,2.56,6.35,4.24,8.48,8.89,7.874,10.668,9.144,0.664,13.208,3,c,a,before,high,c,c,beforehigh
8,n,4.826,9,,6.913,13.826,9.398,16.51,,12.954,-0.872,38.1,2,c,a,before,high,c,c,beforehigh
8,n,3.556,17.64,4.826,8.674,17.348,6.35,12.954,13.462,10.922,-6.426,7.112,3,c,a,before,high,c,c,beforehigh
8,n,6.096,7.84,4.318,6.084666667,12.16933333,13.208,12.446,12.7,12.78466667,0.615333333,27.178,4,c,a,before,high,c,c,beforehigh
8,n,4.572,1.44,,3.006,6.012,9.398,6.35,,7.874,1.862,21.59,2,c,a,before,high,c,c,beforehigh
8,n,9.906,4.84,6.858,7.201333333,14.40266667,19.812,12.954,13.97,15.57866667,1.176,30.48,3,c,a,before,high,c,c,beforehigh
8,n,4.064,6.25,,5.157,10.314,12.446,12.7,,12.573,2.259,36.576,2,c,a,before,high,c,c,beforehigh
8,n,1.524,2.25,3.302,2.358666667,4.717333333,3.048,10.414,7.874,7.112,2.394666667,10.414,4,c,a,after,high,c,c,afterhigh
8,n,4.572,,,4.572,9.144,9.398,,,9.398,0.254,106.426,1,c,a,after,high,c,c,afterhigh
8,n,4.318,8.41,,6.364,12.728,8.382,12.446,,10.414,-2.314,64.516,2,c,a,after,high,c,c,afterhigh
8,n,3.302,5.76,,4.531,9.062,9.144,11.684,,10.414,1.352,82.804,2,c,a,after,high,c,c,afterhigh
8,n,4.572,4,5.588,4.72,9.44,9.398,11.684,11.684,10.922,1.482,24.892,3,c,a,after,high,c,c,afterhigh
8,n,4.826,6.76,,5.793,11.586,11.43,12.446,,11.938,0.352,96.52,2,c,a,after,high,c,c,afterhigh
12,y,4.064,1.96,2.54,2.854666667,5.709333333,7.62,8.89,6.35,7.62,1.910666667,49.276,4,b,b,after,high,i,up,afterhigh
12,y,2.794,2.25,1.016,2.02,4.04,8.636,7.874,4.318,6.942666667,2.902666667,59.436,6,b,b,after,high,i,up,afterhigh
12,y,2.54,12.25,,7.395,14.79,6.35,17.272,,11.811,-2.979,25.4,2,b,b,after,high,i,up,afterhigh
12,y,2.286,2.25,3.556,2.697333333,5.394666667,2.54,6.35,5.588,4.826,-0.568666667,12.446,8,b,b,after,high,i,up,afterhigh
12,y,3.302,,,3.302,6.604,7.366,,,7.366,0.762,104.902,1,b,b,after,high,i,up,afterhigh
12,y,1.778,0.25,0.762,0.93,1.86,3.048,4.064,2.032,3.048,1.188,7.112,11,b,b,after,high,i,up,afterhigh
13,y,3.556,5.76,5.334,4.883333333,9.766666667,6.35,7.874,6.35,6.858,-2.908666667,10.414,4,c,b,before,high,c,c,beforehigh
13,y,6.604,1.44,5.842,4.628666667,9.257333333,12.192,7.874,13.716,11.26066667,2.003333333,19.05,3,c,b,before,high,c,c,beforehigh
13,y,4.826,3.61,5.588,4.674666667,9.349333333,9.144,9.398,16.51,11.684,2.334666667,10.16,3,c,b,before,high,c,c,beforehigh
13,y,5.588,8.41,,6.999,13.998,11.43,11.684,,11.557,-2.441,13.716,2,c,b,before,high,c,c,beforehigh
13,y,9.652,1.44,4.318,5.136666667,10.27333333,11.176,7.112,6.604,8.297333333,-1.976,14.732,3,c,b,before,high,c,c,beforehigh
13,y,2.794,2.56,1.016,2.123333333,4.246666667,7.62,7.874,3.556,6.35,2.103333333,11.684,4,c,b,before,high,c,c,beforehigh
13,y,6.35,2.89,3.556,4.265333333,8.530666667,10.414,9.144,7.112,8.89,0.359333333,8.89,3,c,b,before,high,c,c,beforehigh
13,y,3.302,2.89,3.556,3.249333333,6.498666667,8.128,5.588,7.874,7.196666667,0.698,10.668,5,c,b,before,high,c,c,beforehigh
13,y,5.334,2.56,7.874,5.256,10.512,10.668,6.35,14.986,10.668,0.156,29.972,3,c,b,before,high,c,c,beforehigh
13,y,2.032,2.25,5.334,3.205333333,6.410666667,6.604,7.874,9.144,7.874,1.463333333,12.954,5,c,b,after,low,i,down,afterlow
13,y,2.286,3.24,,2.763,5.526,6.858,8.89,,7.874,2.348,52.07,2,c,b,after,low,i,down,afterlow
13,y,5.842,10.24,,8.041,16.082,11.176,16.764,,13.97,-2.112,22.606,2,c,b,after,low,i,down,afterlow
13,y,3.556,2.56,2.286,2.800666667,5.601333333,7.62,9.144,6.858,7.874,2.272666667,39.624,3,c,b,after,low,i,down,afterlow
13,y,1.524,3.61,3.81,2.981333333,5.962666667,3.81,6.35,5.08,5.08,-0.882666667,17.526,5,c,b,after,low,i,down,afterlow
13,y,5.08,4,,4.54,9.08,10.414,9.652,,10.033,0.953,44.45,2,c,b,after,low,i,down,afterlow
13,y,5.588,11.56,,8.574,17.148,10.16,16.764,,13.462,-3.686,17.018,2,c,b,after,low,i,down,afterlow
13,y,3.556,3.61,4.318,3.828,7.656,7.874,9.398,8.89,8.720666667,1.064666667,35.814,3,c,b,after,low,i,down,afterlow
13,y,3.81,,,3.81,7.62,9.398,,,9.398,1.778,100.33,1,c,b,after,low,i,down,afterlow
14,n,4.572,2.25,4.064,3.628666667,7.257333333,8.89,5.334,8.89,7.704666667,0.447333333,19.05,4,d,b,before,low,c,c,beforelow
14,n,11.176,19.36,,15.268,30.536,20.828,22.606,,21.717,-8.819,33.528,2,d,b,before,low,c,c,beforelow
14,n,7.874,2.89,5.08,5.281333333,10.56266667,14.986,7.62,10.414,11.00666667,0.444,21.59,3,d,b,before,low,c,c,beforelow
14,n,10.414,16,4.318,10.244,20.488,21.59,20.828,10.16,17.526,-2.962,33.528,3,d,b,before,low,c,c,beforelow
14,n,11.684,,,11.684,23.368,13.97,19.304,,16.637,-6.731,44.45,2,d,b,before,low,c,c,beforelow
14,n,3.556,6.25,11.938,7.248,14.496,5.334,13.716,24.13,14.39333333,-0.102666667,6.35,3,d,b,before,low,c,c,beforelow
14,n,8.128,1.44,1.778,3.782,7.564,11.938,4.826,5.588,7.450666667,-0.113333333,12.446,3,d,b,before,low,c,c,beforelow
14,n,2.794,4.84,5.08,4.238,8.476,7.112,12.7,8.89,9.567333333,1.091333333,23.876,3,d,b,after,low,c,c,afterlow
14,n,4.572,9.61,0.762,4.981333333,9.962666667,7.112,13.208,1.524,7.281333333,-2.681333333,27.686,3,d,b,after,low,c,c,afterlow
14,n,2.794,1,0.762,1.518666667,3.037333333,6.096,3.81,1.016,3.640666667,0.603333333,24.892,3,d,b,after,low,c,c,afterlow
14,n,10.414,8.41,,9.412,18.824,21.59,11.43,,16.51,-2.314,76.2,2,d,b,after,low,c,c,afterlow
14,n,6.35,,,6.35,12.7,12.7,,,12.7,0,99.06,1,d,b,after,low,c,c,afterlow
14,n,1.524,3.61,2.032,2.388666667,4.777333333,3.048,8.89,4.826,5.588,0.810666667,5.08,3,d,b,after,low,c,c,afterlow
15,n,3.048,0.81,,1.929,3.858,5.08,7.62,,6.35,2.492,6.858,2,b,b,after,high,c,c,afterhigh
15,n,4.318,3.61,,3.964,7.928,9.652,9.144,,9.398,1.47,38.608,2,b,b,after,high,c,c,afterhigh
15,n,3.048,,,3.048,6.096,9.652,,,9.652,3.556,106.68,1,b,b,after,high,c,c,afterhigh
16,n,9.906,18.49,,14.198,28.396,16.51,16.51,,16.51,-11.886,54.356,2,a,b,before,low,c,c,beforelow
16,n,9.398,1.44,,5.419,10.838,17.78,8.382,,13.081,2.243,26.67,2,a,b,before,low,c,c,beforelow
16,n,2.286,1.44,3.302,2.342666667,4.685333333,5.588,6.604,4.572,5.588,0.902666667,7.874,6,a,b,before,low,c,c,beforelow
16,n,4.064,3.24,4.318,3.874,7.748,8.89,13.716,8.636,10.414,2.666,23.114,4,a,b,before,low,c,c,beforelow
16,n,7.62,,,7.62,15.24,15.494,,,15.494,0.254,95.504,2,a,b,before,low,c,c,beforelow
16,n,5.588,2.25,3.302,3.713333333,7.426666667,13.208,7.62,8.382,9.736666667,2.31,66.04,4,a,b,before,low,c,c,beforelow
16,n,9.652,10.24,6.096,8.662666667,17.32533333,18.542,16.002,11.43,15.32466667,-2.000666667,25.4,4,a,b,before,low,c,c,beforelow
16,n,6.604,1.96,,4.282,8.564,13.716,12.192,,12.954,4.39,57.658,2,a,b,after,low,c,c,afterlow
16,n,0.762,,,0.762,1.524,8.89,,,8.89,7.366,98.298,1,a,b,after,low,c,c,afterlow
16,n,3.302,1.21,2.286,2.266,4.532,6.35,6.35,5.08,5.926666667,1.394666667,39.37,5,a,b,after,low,c,c,afterlow
16,n,4.826,,,4.826,9.652,10.922,,,10.922,1.27,96.266,1,a,b,after,low,c,c,afterlow
16,n,3.81,1.69,0.508,2.002666667,4.005333333,6.096,7.112,2.54,5.249333333,1.244,7.62,5,a,b,after,low,c,c,afterlow
16,n,1.524,4.84,2.032,2.798666667,5.597333333,3.81,9.398,9.652,7.62,2.022666667,18.034,4,a,b,after,low,c,c,afterlow
16,n,3.302,0.25,6.35,3.300666667,6.601333333,5.842,2.286,11.684,6.604,0.002666667,10.922,3,a,b,after,low,c,c,afterlow
16,n,6.35,7.29,0.508,4.716,9.432,11.684,13.208,2.794,9.228666667,-0.203333333,28.194,3,a,b,after,low,c,c,afterlow
17,y,10.414,6.76,3.302,6.825333333,13.65066667,13.462,15.494,6.604,11.85333333,-1.797333333,17.526,4,b,b,before,high,c,c,beforehigh
17,y,8.128,7.84,,7.984,15.968,11.938,8.89,7.366,9.398,-6.57,16.51,4,b,b,before,high,c,c,beforehigh
17,y,6.858,6.25,,6.554,13.108,11.43,12.954,,12.192,-0.916,49.53,2,b,b,before,high,c,c,beforehigh
17,y,6.35,9.61,,7.98,15.96,13.716,12.192,,12.954,-3.006,52.578,2,b,b,before,high,c,c,beforehigh
17,y,3.302,4.41,4.826,4.179333333,8.358666667,7.874,12.192,8.636,9.567333333,1.208666667,8.89,3,b,b,before,high,c,c,beforehigh
17,y,11.43,16.81,,14.12,28.24,17.018,14.732,,15.875,-12.365,43.434,2,b,b,before,high,c,c,beforehigh
17,y,6.858,,,6.858,13.716,10.414,,,10.414,-3.302,105.41,1,b,b,after,low,i,down,afterlow
17,y,4.826,1.96,,3.393,6.786,9.906,5.842,,7.874,1.088,67.818,2,b,b,after,low,i,down,afterlow
17,y,9.906,,,9.906,19.812,20.574,,,20.574,0.762,103.886,1,b,b,after,low,i,down,afterlow
17,y,8.636,6.76,7.366,7.587333333,15.17466667,13.97,12.192,14.224,13.462,-1.712666667,24.384,3,b,b,after,low,i,down,afterlow
19,n,4.826,4,,4.413,8.826,12.192,10.668,,11.43,2.604,23.368,3,d,b,before,high,c,c,beforehigh
19,n,8.89,1.69,,5.29,10.58,18.034,7.366,,12.7,2.12,50.8,3,d,b,before,high,c,c,beforehigh
19,n,2.794,0.16,,1.477,2.954,7.112,4.826,,5.969,3.015,33.02,3,d,b,before,high,c,c,beforehigh
19,n,10.922,3.61,,7.266,14.532,18.796,9.398,,14.097,-0.435,56.896,3,d,b,before,high,c,c,beforehigh
19,n,5.588,,,5.588,11.176,12.954,,,12.954,1.778,71.882,2,d,b,before,high,c,c,beforehigh
19,n,4.318,4,4.064,4.127333333,8.254666667,10.16,10.414,9.398,9.990666667,1.736,20.32,4,d,b,before,high,c,c,beforehigh
19,n,5.334,2.25,2.794,3.459333333,6.918666667,10.668,6.604,7.62,8.297333333,1.378666667,23.622,4,d,b,after,high,c,c,afterhigh
19,n,5.588,1.69,2.794,3.357333333,6.714666667,10.922,5.08,5.08,7.027333333,0.312666667,40.386,3,d,b,after,high,c,c,afterhigh
19,n,4.826,1.21,4.318,3.451333333,6.902666667,9.398,4.572,8.382,7.450666667,0.548,18.796,4,d,b,after,high,c,c,afterhigh
20,n,2.286,2.89,5.08,3.418666667,6.837333333,6.096,10.922,8.89,8.636,1.798666667,28.702,5,e,b,before,low,c,c,beforelow
20,n,3.81,7.84,6.096,5.915333333,11.83066667,8.128,12.7,11.43,10.75266667,-1.078,8.128,6,e,b,before,low,c,c,beforelow
20,n,3.302,3.24,4.6228,3.7216,7.4432,7.112,11.684,10.668,9.821333333,2.378133333,7.112,5,e,b,before,low,c,c,beforelow
20,n,3.556,3.24,2.54,3.112,6.224,7.874,9.398,7.112,8.128,1.904,22.606,4,e,b,before,low,c,c,beforelow
20,n,6.604,8.41,9.652,8.222,16.444,10.668,12.446,24.384,15.83266667,-0.611333333,10.668,4,e,b,before,low,c,c,beforelow
20,n,6.604,1,4.572,4.058666667,8.117333333,12.954,5.08,10.16,9.398,1.280666667,25.654,4,e,b,before,low,c,c,beforelow
20,n,9.144,,,9.144,18.288,17.526,,,17.526,-0.762,105.156,1,e,b,after,low,c,c,afterlow
20,n,3.81,3.24,4.826,3.958666667,7.917333333,8.128,8.382,9.144,8.551333333,0.634,31.75,4,e,b,after,low,c,c,afterlow
20,n,3.048,2.89,5.588,3.842,7.684,4.572,7.366,9.652,7.196666667,-0.487333333,5.08,5,e,b,after,low,c,c,afterlow
20,n,3.81,6.25,0.254,3.438,6.876,4.826,13.716,1.524,6.688666667,-0.187333333,5.08,4,e,b,after,low,c,c,afterlow
20,n,4.826,2.89,7.366,5.027333333,10.05466667,9.398,8.382,10.414,9.398,-0.656666667,18.542,6,e,b,after,low,c,c,afterlow
20,n,5.842,2.25,2.032,3.374666667,6.749333333,11.176,7.874,5.842,8.297333333,1.548,24.892,6,e,b,after,low,c,c,afterlow
21,n,2.286,2.56,3.302,2.716,5.432,4.064,8.128,6.858,6.35,0.918,7.62,6,d,b,after,high,c,c,afterhigh
21,n,2.54,0.81,1.27,1.54,3.08,7.366,3.556,3.81,4.910666667,1.830666667,36.068,3,d,b,after,high,c,c,afterhigh